repo,owner
keras,keras-team
scikit-learn,scikit-learn
PythonDataScienceHandbook,jakevdp
Probabilistic-Programming-and-Bayesian-Methods-for-Hackers,CamDavidsonPilon
spaCy,explosion
ML-From-Scratch,eriklindernoren
go,datasciencemasters
ipython,ipython
Virgilio,virgili0
awesome-datascience,academic
dash,plotly
ray,ray-project
gensim,RaRe-Technologies
python-machine-learning-book,rasbt
stanford-cs-229-machine-learning,afshinea
dive-into-machine-learning,hangtwenty
Awesome-pytorch-list,bharathgs
tflearn,tflearn
awesome-bigdata,onurakpolat
allennlp,allenai
php-ml,php-ai
streamlit,streamlit
gridstudio,ricklamers
mit-deep-learning,lexfridman
data-science,ossu
OpenRefine,OpenRefine
recommenders,microsoft
tpot,EpistasisLab
ds-cheatsheets,FavioVazquez
mlcourse.ai,Yorko
nni,microsoft
python-machine-learning-book-2nd-edition,rasbt
roughViz,jwilber
boltons,mahmoud
pytorch-lightning,PyTorchLightning
industry-machine-learning,firmai
data-science-blogs,rushter
catboost,catboost
dvc,iterative
nteract,nteract
pandas-profiling,pandas-profiling
data-science-from-scratch,joelgrus
featuretools,FeatureLabs
h2o-3,h2oai
smile,haifengl
machine_learning_examples,lazyprogrammer
tsfresh,blue-yonder
Data-Analysis-and-Machine-Learning-Projects,rhiever
Data-Science-Wiki,Leo-G
d2l-en,d2l-ai
edward,blei-lab
pachyderm,pachyderm
imbalanced-learn,scikit-learn-contrib
knowledge-repo,airbnb
stanford-cs-230-deep-learning,afshinea
serenata-de-amor,okfn-brasil
awesome-R,qinwf
rodeo,yhat
DataSciencePython,ujjwalkarn
snorkel,snorkel-team
python-small-examples,jackzhenguo
hydrogen,nteract
courses,DataScienceSpecialization
cookiecutter-data-science,drivendata
Data-Science-Notes,fengdu78
metaflow,Netflix
pyod,yzhao062
Data-Analysis,WillKoehrsen
d2l-pytorch,dsgiitr
spark-notebook,spark-notebook
mlxtend,rasbt
probability,tensorflow
scikit-learn-videos,justmarkham
tensorwatch,microsoft
data-science-at-the-command-line,jeroenjanssens
xlearn,aksnzhy
deep-learning-book,rasbt
shogun,shogun-toolbox
chartify,spotify
python-is-cool,chiphuyen
computervision-recipes,microsoft
Learn_Data_Science_in_3_Months,llSourcell
polyaxon,polyaxon
telegram-list,goq
LearnDataScience,nborwankar
r4ds,hadley
gophernotes,gopherdata
datascience,r0f1
orange3,biolab
autogluon,awslabs
Flux.jl,FluxML
tablesaw,jtablesaw
prefect,PrefectHQ
lgo,yunabe
koalas,databricks
tad,antonycourtney
eli5,TeamHG-Memex
120-Data-Science-Interview-Questions,kojino
tensorflow,tensorflow
keras,keras-team
awesome-machine-learning,josephmisiti
scikit-learn,scikit-learn
pytorch,pytorch
TensorFlow-Examples,aymericdamien
tesseract,tesseract-ocr
face_recognition,ageitgey
caffe,BVLC
faceswap,deepfakes
100-Days-Of-ML-Code,Avik-Jain
julia,JuliaLang
lessons,madewithml
machine-learning-for-software-engineers,ZuzooVn
awesome-deep-learning-papers,terryum
funNLP,fighting41love
handson-ml,ageron
xgboost,dmlc
data-science-ipython-notebooks,donnemartin
fastai,fastai
CNTK,microsoft
openpose,CMU-Perceptual-Computing-Lab
spaCy,explosion
Coursera-ML-AndrewNg-Notes,fengdu78
ML-From-Scratch,eriklindernoren
NLP-progress,sebastianruder
100-Days-Of-ML-Code,MLEveryday
awesome-deep-learning,ChristosChristofidis
cs-video-courses,Developer-Y
lectures,oxford-cs-deepnlp-2017
pwc,zziz
WaveFunctionCollapse,mxgmn
homemade-machine-learning,trekhleb
DeepSpeech,mozilla
cheatsheets-ai,kailashahirwar
Qix,ty4z2008
tfjs,tensorflow
Screenshot-to-code,emilwallner
Virgilio,virgili0
predictionio,apache
awesome-datascience,academic
gun,amark
ray,ray-project
Paddle,PaddlePaddle
pytorch-handbook,zergtant
pumpkin-book,datawhalechina
LightGBM,microsoft
gensim,RaRe-Technologies
python-machine-learning-book,rasbt
awesome-nlp,keon
Machine-Learning-Tutorials,ujjwalkarn
nsfw_data_scraper,alex000kim
dive-into-machine-learning,hangtwenty
tensor2tensor,tensorflow
ChatterBot,gunthercox
Awesome-pytorch-list,bharathgs
google-research,google-research
turicreate,apple
stanford-tensorflow-tutorials,chiphuyen
tflearn,tflearn
caire,esimov
horovod,horovod
netron,lutzroeder
state-of-the-art-result-for-machine-learning-problems,RedditSota
dlib,davisking
nltk,nltk
kubeflow,kubeflow
botpress,botpress
awesome-kubernetes,ramitsurana
imgaug,aleju
EffectiveTensorflow,vahidk
shap,slundberg
numpy-ml,ddbourgin
caffe2,facebookarchive
flair,flairNLP
sonnet,deepmind
the-gan-zoo,hindupuravinash
rasa,RasaHQ
onnx,onnx
ml-agents,Unity-Technologies
TensorFlow-Tutorials,Hvass-Labs
MLAlgorithms,rushter
awesome-aws,donnemartin
mit-deep-learning-book-pdf,janishar
tutorials,MorvanZhou
php-ml,php-ai
streamlit,streamlit
fashion-mnist,zalandoresearch
deep-learning-drizzle,kmario23
Winds,GetStream
mit-deep-learning,lexfridman
pattern,clips
bert-as-service,hanxiao
lime,marcotcr
handson-ml2,ageron
Learn_Machine_Learning_in_3_Months,llSourcell
recommenders,microsoft
golearn,sjwhitworth
vowpal_wabbit,VowpalWabbit
tpot,EpistasisLab
SmartOpenCV,HuTianQi
OpenCV-Python-Tutorial,makelove
Learning-OpenCV-3_examples,oreillymedia
OpenCVForAndroid,kongqw
OpenCV-Python-Tutorial,ex2tron
OpenCV3-Intro-Book-Src,QianMo
OpenCV2-Python-Tutorials,abidrahmank
Install-OpenCV,jayrambhia
OpenCVSwiftStitch,foundry
OpenCV-Face-Recognition,Mjrovai
OpenCV-Marker-less-AR,takmin
OpenCV-Playing-Card-Detector,EdjeElectronics
OpenCV-Android,billmccord
OpenCV-iOS,macmade
OpenCV_3_License_Plate_Recognition_Python,MicrocontrollersAndMore
Smart-Security-Camera,HackerShackOfficial
OpenCV-Tutorial,BloodAxe
OpenCV2-Python,abidrahmank
Computer-Vision-Basics-with-Python-Keras-and-OpenCV,jrobchin
OpenCV,xikuqi
Delphi-OpenCV,Laex
OpenCVForUnity,EnoxSoftware
OpenCV-for-PHP,mgdm
Fingers-Detection-using-OpenCV-and-Python,lzane
Mastering-OpenCV-4-Third-Edition,PacktPublishing
OpenCV,vRallev
OpenCV-MinGW-Build,huihut
OpenCV-AndroidSamples,joaopedronardari
OpenCVForiPhone,aptogo
Simple-OpenCV-Calculator,EvilPort2
OpenCV,brakmic
buildOpenCVTX2,jetsonhacks
iPhone-OCR-Tesseract-and-OpenCV,pablosproject
Motion-detection-OpenCV,RobinDavid
OpenCV_3_Windows_10_Installation_Tutorial,MicrocontrollersAndMore
OpenCV-Python-Series,codingforentrepreneurs
OpenCVTutorials,fendouai
Hands-On-GPU-Accelerated-Computer-Vision-with-OpenCV-and-CUDA,PacktPublishing
OpenCV-for-Pi,jabelone
Computer-Vision-with-OpenCV-3-and-Qt5,PacktPublishing
OpenCVSharp-Samples,VahidN
SwiftOpenCV,whitneyland
OpenCVwithUVC,saki4510t
YOLOv3-Object-Detection-with-OpenCV,iArunava
OpenCV-Python,abidrahmank
Raspberry_Pi_2_and_OpenCV_3_Tutorial_Part_1,MicrocontrollersAndMore
OpenCV-Object-Face-Tracking,Mjrovai
Face-Yaw-Roll-Pitch-from-Pose-Estimation-using-OpenCV,jerryhouuu
OpenCVjs,sakiyamaK
OpenCVSample,jimple
OpenCV-Unity3D-Object-Tracking,hasanavi
OpenCV3-Computer-Vision-Application-Programming-Cookbook-Third-Edition,PacktPublishing
BackgroundSplit-OpenCV,upcAutoLang
OpenCV_3_KNN_Character_Recognition_Python,MicrocontrollersAndMore
OpenCV4AndroidWithCmake,Martin20150405
Learn-OpenCV-4-By-Building-Projects-Second-Edition,PacktPublishing
OpenCVBlueprints,OpenCVBlueprints
OpenCV-iOS-build-script,BloodAxe
OpenCV-iOS,Fl0p
Mastering-OpenCV-4-with-Python,PacktPublishing
OpenCV-Document-Scanner,andrewdcampbell
QtOpenCV,dbzhang800
HoloLensWithOpenCVForUnityExample,EnoxSoftware
OpenCVHandGuesture,jujojujo2003
OpenCVCheck,SOFTPOWER1991
LSD-OpenCV-MATLAB,primetang
OpenCV-3-Computer-Vision-with-Python-Cookbook,PacktPublishing
OpenCV-iOS,jonmarimba
Python-OpenCV3,ashwin-pajankar
OpenCV_3_License_Plate_Recognition_Cpp,MicrocontrollersAndMore
Face-Detection-OpenCV,informramiz
OpenCV-Features-Comparison,BloodAxe
Cinder-OpenCV,cinder
OpenCV-demo,wepe
OpenCV.jl,maxruby
OpenCV_Test,fengbingchun
OpenCV-detection-models,AlexeyAB
cvpr2015-opensfm,mleotta
OpenCV4Android,jiangdongguo
OpenCVSample,ura14h
openCV_Tesseract_test,chd0043
OpenCVStitch,foundry
OpenCV-Practical-Exercise,luohenyueji
iOS-OpenCV,lukagabric
AIR-OpenCV-Extension,wouterverweirder
OpenCV-3.1.0-Android,ctodobom
iOS-OpenCV-FaceRec,ekurutepe
Selfie_Filters_OpenCV,acl21
1ZLAB_OpenCV_Tutorial,1zlab
OpenCV-Python-Hacks,simondlevy
Xamarin.Android.OpenCV,jeremy-ellis-tech
OpenCV_3_Car_Counting_Cpp,MicrocontrollersAndMore
OpenCV-Traffic-Counter,alex-drake
OpenCV3Cookbook,laganiere
NDK_OpenCV_AndroidStudio,quanhua92
OpenCV-RgbdOdometry,tzutalin
Caffe_OpenCV_Android_App,alexkarargyris
SelfDrivingRCCar,sidroopdaska
Hand-Gesture-Recognition-Using-Background-Elllimination-and-Convolution-Neural-Network,SparshaSaha
OpenCV-3-x-with-Python-By-Example,PacktPublishing
opencv,opencv
openpose,CMU-Perceptual-Computing-Lab
cs-video-courses,Developer-Y
Virgilio,virgili0
awesome-computer-vision,jbhuang0604
pytorch-CycleGAN-and-pix2pix,junyanz
facenet,davidsandberg
learnopencv,spmallick
AirSim,microsoft
Awesome-pytorch-list,bharathgs
CycleGAN,junyanz
caire,esimov
awesome-deep-vision,kjw0612
dlib,davisking
Dive-into-DL-PyTorch,ShusenTang
tracking.js,eduardolundgren
openFrameworks,openframeworks
pix2pix,phillipi
fashion-mnist,zalandoresearch
deep-learning-drizzle,kmario23
ccv,liuliu
ludwig,uber
mediapipe,google
vision,pytorch
BossSensor,Hironsan
EasyPR,liuruoze
ailab,microsoft
awesome-object-detection,amusi
pcl,PointCloudLibrary
TensorFlow-2.x-Tutorials,dragen1860
CVPR2020-Paper-Code-Interpretation,extreme-assistant
ImageAI,OlafenwaMoses
d2l-en,d2l-ai
labelme,wkentaro
TensorFlow-World,astorfi
pix2pixHD,NVIDIA
models,PaddlePaddle
carla,carla-simulator
Realtime_Multi-Person_Pose_Estimation,ZheC
meshroom,alicevision
javacv,bytedeco
vrn,AaronJackson
AlphaPose,MVIG-SJTU
librealsense,IntelRealSense
framework,accord-net
gluon-cv,dmlc
scikit-image,scikit-image
iGAN,junyanz
ssd.pytorch,amdegroot
daily-paper-computer-vision,amusi
cvat,opencv
pysot,STVIR
arXivTimes,arXivTimes
gocv,hybridgroup
jetson-inference,dusty-nv
imagededup,idealo
handong1587.github.io,handong1587
d2l-pytorch,dsgiitr
label-studio,heartexlabs
openMVG,openMVG
zhihu,NELSONZHAO
pigo,esimov
Open3D,intel-isl
tencent-ml-images,Tencent
SiamMask,foolwood
jsfeat,inspirit
3DDFA,cleardusk
code,MasteringOpenCV
PocketFlow,Tencent
computervision-recipes,microsoft
SimpleCV,sightmachine
ai-deadlines,abhshkdz
opencvsharp,shimat
luminoth,tryolabs
kornia,kornia
colorization,richzhang
awesome_3DReconstruction_list,openMVG
openvslam,xdspacelab
autogluon,awslabs
papers,aleju
interactive-deep-colorization,junyanz
computer-vision-basics-in-microsoft-excel,amzn
AI-Job-Notes,amusi
Semantic-Segmentation-Suite,GeorgeSeif
3D-ResNets-PyTorch,kenshohara
FCOS,tianzhi0549
introtodeeplearning,aamini
awesome-self-supervised-learning,jason718
Neural-Photo-Editor,ajbrock
colmap,colmap
covid-chestxray-dataset,ieee8023
DeepInterests,Honlan
torchcv,donnyyou
face.evoLVe.PyTorch,ZhaoJ9014
catalyst,catalyst-team
image-super-resolution,idealo
DeepLearn,GauravBh1010tt
crnn,bgshih
DeblurGAN,KupynOrest
ICCV2019-LearningToPaint,hzwer
pytorch-CycleGAN-and-pix2pix,junyanz
CycleGAN,junyanz
the-gan-zoo,hindupuravinash
ganhacks,soumith
pix2pix,phillipi
fashion-mnist,zalandoresearch
pytorch-book,chenyuntc
Keras-GAN,eriklindernoren
DCGAN-tensorflow,carpedm20
PyTorch-GAN,eriklindernoren
tensorlayer,tensorlayer
generative-models,wiseodd
AdversarialNetsPapers,zhangqianhui
TensorFlow-2.x-Tutorials,dragen1860
PyTorch-Tutorial,MorvanZhou
pix2pixHD,NVIDIA
gluon-cv,dmlc
Tensorflow-Tutorial,MorvanZhou
iGAN,junyanz
tensorflow-generative-model-collections,hwalsuklee
DeepNude-an-Image-to-Image-technology,yuanxiaosc
really-awesome-gan,nightrome
ganache-cli,trufflesuite
makegirlsmoe_web,makegirlsmoe
gans-awesome-applications,nashory
zhihu,NELSONZHAO
DeepLearning,Mikoto10032
faceswap-GAN,shaoanlu
WassersteinGAN,martinarjovsky
SinGAN,tamarott
srgan,tensorlayer
papers,aleju
stockpredictionai,borisbanushev
ganache,trufflesuite
TensorFlow-Tutorials,golbin
pytorch-generative-model-collections,znxlwm
MUNIT,NVlabs
improved-gan,openai
t81_558_deep_learning,jeffheaton
improved_wgan_training,igul222
BigGAN-PyTorch,ajbrock
jQueryGantt,robicch
TecoGAN,thunil
transparent_latent_gan,SummitKwan
SeqGAN,LantaoYu
DeblurGAN,KupynOrest
GAN,YadiraF
zi2zi,kaonashi-tyc
gantt,frappe
StackGAN,hanzhanggit
art-DCGAN,robbiebarrat
UNIT,mingyuliutw
Self-Attention-GAN,heykeetae
compare_gan,google
gandissect,CSAILVision
GankClient-Kotlin,githubwing
AnimeGAN,TachibanaYoshino
GANimation,albertpumarola
AlphaTree-graphic-deep-neural-network,weslynn
angular-gantt,angular-gantt
GANotebooks,tjwei
PI-REC,youyuge34
Deep-learning-with-cats,AlexiaJM
impersonator,svip-lab
pytorch-generative-adversarial-networks,devnag
awesome-gan-for-medical-imaging,xinario
GanK,dongjunkun
NiftyNet,NifTK
DPED,aiff22
dlcv_for_beginners,frombeijingwithlove
tensorflow-101,burness
BicycleGAN,junyanz
HyperGAN,HyperGAN
torchgan,torchgan
pytorch_GAN_zoo,facebookresearch
bayesgan,andrewgordonwilson
CycleGAN-TensorFlow,vanhuyz
Tensorflow-Programs-and-Tutorials,adeshpande3
wgan-gp,caogang
animeGAN,jayleicn
DiscoGAN-pytorch,carpedm20
keras-dcgan,jacobgil
AttnGAN,taoxugit
InfoGAN,openai
BEGAN-tensorflow,carpedm20
ganlab,poloclub
TensorFlow2.0-Examples,YunYang1994
gantry5,gantry
sngan_projection,pfnet-research
Delving-deep-into-GANs,GKalliatakis
image-to-image-papers,lzhbrian
nfs-ganesha,nfs-ganesha
EasyGank,CaMnter
tensorflow2-generative-models,timsainb
jquery.ganttView,thegrubbsian
wechat-weapp-gank,lypeer
GanHuoIO,burgessjp
GAN_stability,LMescheder
self-attention-gan,brain-research
GankDaily,maoruibin
alfred-encode-decode-workflow,willfarrell
tensorflow-mnist-VAE,hwalsuklee
probabilistic_unet,SimonKohl
Variational-Autoencoder,y0ast
Generative_Models_Tutorial_with_Demo,omerbsezer
donut,NetManAIOps
VAE-Torch,y0ast
fauxtograph,stitchfix
s-vae-pytorch,nicola-decao
VAE-TensorFlow,y0ast
s-vae-tf,nicola-decao
vae-celebA,yzwxx
vae-seq,google
tensorflow-mnist-CVAE,hwalsuklee
resnet-cppn-gan-tensorflow,hardmaru
vae-npvc,JeremyCCHsu
Variational-Lstm-Autoencoder,TimyadNyda
kvae,simonkamronn
smrt,tgsmith61591
TD-VAE,xqding
alpha-GAN,victor-shepardson
IMPLEMENTATION_Variational-Auto-Encoder,wuga214
vae_captioning,yiyang92
vae_householder_flow,jmtomczak
cycle-consistent-vae,ananyahjha93
LSTMVRAE,jayhack
vae-concrete,EmilienDupont
pvae,emilemathieu
BVAE-tf,alecGraves
Variational-Graph-Auto-Encoders,limaosen0
VAE_NBP,bobchennan
minimal_vae,adler-j
FTP-implement-based-on-UDP,SOYJUN
Variational-AutoEncoder-for-Dialogue-Generation,lethienhoa
VAE-Text-Generation,rohithreddy024
chainer-Variational-AutoEncoder,RyotaKatoh
CifarVAE,ksharsha
vae-audio,yjlolo
mat-vae,peiyunh
VAE-pytorch,atinghosh
chainer-vae-gan,dsanno
improving-variational-encoder-decoders-in-dialogue-generation,chin-gyou
variational-timbre,acids-ircam
pytorch-vae,kuc2477
variational-autoencoder,nitarshan
pytorch-mnist-vae,dragen1860
Learning-Disentangled-Representations-under-Supervision,nikhil-dce
vgae_pytorch,DaehanKim
Spanish-Metaphone,amsqr
VAE-MF-TensorFlow,dongwookim-ml
deep-pensieve,neurokinetikz
VMED,thaihungle
vaelm,kaiix
deep-generative-models,atreyasha
Deep-Feature-Consistent-Variational-AutoEncoder-in-Tensorflow,sbavon
Correlated-VAEs,datang1992
LVAE,geosada
probabilistic_unet,MIC-DKFZ
VAE_rec,RobRomijnders
auto-encoding-variational-bayes,cshenton
dirichlet-vae,jxnl
SLCVAE,zhangfangdeng
DeepProfile,suinleelab
VAE-Tensorflow,tegg89
ARSM,ARM-gradient
diff-vae-tensorflow,hardmaru
TAVERN,jcdevaney
inception-vae,koshian2
lasagne-vae,lim0606
trajectory_forcasting,sebasutp
Controlling-generative-models-with-continuous-factors-of-variations,AntoinePlumerault
vesd,cssjcai
Variational_AutoEncoder_ECG_HeartBeat,gangooteli
Variational_Auto-Encoder,cryer
Variational-Autoencoder,Natsu6767
U-HVED,ReubenDo
VariationalRecurrentAutoEncoder,arunesh-mittal
VAE,dillonalaird
vae-salience,lipiji
mono-semantic-occupancy,Chenyang-Lu
HCV,romain-lopez
vae-tensorflow,DongjunLee
AEVB,onm2000
ConditionalVariationalAutoEncoder,asahi417
VAEs,pauli-space
tensorflow-CVAE,choo8
Variational-AutoEncoder-For-Novelty-Detection,LordAlucard90
ofxGeneticAlg,quinkennedy
shotgunyara,darienhuss
VariationalAutoEncoder,despoisj
MetaVAE,RobinKa
vae,takerum
Variational-AutoEncoder-in-Pytorch,Prabhat-IIT
MVAE_Music,MiuLab
aevb,stathischaritos
DRAW,lovecambi
Sketch-rnn,MarioBonse
hvae-nips,anthonycaterini
PPVAE,WHUIR
Steganography-SNOW-AVariation,Swati-Rathi
AndroidCodeStyle,grandcentrix
hbworkspace2-100,harshalbenake
Animatoo,mohammadatif
tensorflow-hangul-recognition,IBM
fcm-push-plugin,abeade
intellij-haxe,HaxeFoundation
MvpAutoCodePlus,longforus
PerfectShow,KAlO2
ArtifactFinder,yigit
GreenDaoForAndroidStudio,SureCase
AdvancedRecycleView,pavelpoley
FBReader_AS,adolfAn
ReciteWords,BolexLiu
CustomRefreshView,zhangtuodd
GloballyDynamic,jeppeman
SmartControl_Android_MQTT,a2633063
PagingLibrary-Sample,anitaa1990
calendula,citiususc
chatbot-watson-android,IBM-Cloud
AwesomeAndroidStudioPlugin,maoruibin
android-studio-setting,xinghongfei
GenerateFindViewById,wangzailfm
android-studio-filetypes,manifestinteractive
AndroidStudioAndRobolectric,nenick
Dribbble_rebuild,NovelanceF
android-studio-robolectric-example,mutexkid
idea-cloudformation,shalupov
LookAtMe,Pradyuman7
android-vpn-client-ics-openvpn,gayanvoice
ChroMATERIAL,ciscorucinski
TrailersApp,anitaa1990
react-native-console,beansoftapp
name-that-color-intellij-plugin,galex
SmoSEC,comsmobiler
AndroidStudio-VM-Options,artem-zinnatullin
Android-Development-Aircraft-Carrier,jp1017
QuizBook,vikesh8860
DevMvp,LiangLuDev
titled_navigation_bar,pedromassango
SlimSocial-for-Facebook,rignaneseleo
IBackdrop,pedromassango
Droid-Snippet,KingsMentor
JSONToKotlinClass,Mighty16
android-mqtt-quickstart,bytehala
OpenCV4AndroidWithCmake,Martin20150405
BinderDebug,dodola
OkHttpProfiler,itkacher
gradle-robojava-plugin,kageiit
PinyinIME,lizhangqu
curso-android-src-as,sgolivernet
intellij-platform-solarized,4lex4
XposedTemplateForAS,monkeylord
android-ndk-swig-example,sureshjoshi
PushDemo,MEIZUPUSH
Android-Studio-MVP-Template-Google-Architecture,vsay01
droidfish,peterosterlund2
Phoenix-for-VK,PhoenixDevTeam
clay,line
vs-android,gavinpugh
android-styler,alexzaitsev
LiveSmashBar,yuvraj24
Skill-learn-collect,china-kook
VS2015-Dark-Android-Studio,Ludomancer
flutter_enhancement_suite,marius-h
KickAssSlidingMenu,jjhesk
reel-search-android,forkachild
Embrace-Android-Studio-Demo,kevinho
MonokaiAndroidStudio,benmarten
android_gradle_script,lihei12345
Android_Code_Arbiter,blackarbiter
android-kubernetes-blockchain,IBM
android-xml-sorter,roana0229
InjuredAndroid,B3nac
AndroidLiveTemplates,pranaypatel512
Tesseract4Android,adaptech-cz
testfairy-gradle-plugin,testfairy
android-databinding,LightSun
android-studio,quanke
livetemplates,huangdali
android-retrostreams,retrostreams
Xitu,lulee007
root_avd,0xFireball
MaterialTabsTemplate,TakeoffAndroid
AndroidToRN,wuyunqiang
MediaPicker,robertlevonyan
apprtc-android,pristineio
SimpleUML,Jerey-Jobs
mupdf-android,viavansi
Awesome_Flutter_UI,SubirZ
android-ratingreviews,Inconnu08
CSipSimple,tqcenglish
LiveData-DataBinding-Kotlin,erikjhordan-rey
idea_flutter_json_format,neverwoodsS
GoogleDevelopersColorScheme,LouisCAD
webrtc-android-demo-apprtc,duqian291902259
Xamarin-Forms-Mobile-Template,NowBI
OpenCV-3.1.0-Android,ctodobom
android-vagrant,samtstern
HakunaMatataIntelliJPlugin,cesards
Xamaridea,EgorBo
flutter,flutter
flutter-go,alibaba
gsy_github_app_flutter,CarGuo
plugins,flutter
FlutterExampleApps,iampawan
flutter-in-action,flutterchina
samples,flutter
flutter-desktop-embedding,google
fish-redux,alibaba
Best-Flutter-UI-Templates,mitesh77
Flutter-Notebook,OpenFlutter
flutter_architecture_samples,brianegan
invoiceninja,invoiceninja
FlutterDouBan,kaina404
HistoryOfEverything,2d-inc
Flutter-UI-Kit,iampawan
flutter-examples,nisrulz
bloc,felangel
flutter_wanandroid,Sky24n
Flutter-learning,AweiLoveAndroid
go-flutter,go-flutter-desktop
flutter_boost,alibaba
Flutter-Course-Resources,londonappbrewery
flutter_deer,simplezhli
inKino,roughike
AndroidProject,getActivity
FlutterScreens,samarthagarwal
flame,flame-engine
flutter-osc,yubo725
gsy_flutter_book,CarGuo
zhihu-flutter,xujiyou
fluro,theyakka
flutter_swiper,best-flutter
provider,rrousselGit
flutter-ui-nice,nb312
flutter-study,yang7229693
flukit,flutterchina
Android-Studio-Plugins,balsikandar
flutter-tutorials,FilledStacks
flutter_vignettes,gskinnerTeam
Flare-Flutter,2d-inc
ion,pion
MXFlutter,TGIF-iMatrix
flutter-netease-music,boyan01
GSYGithubAPP,CarGuo
flutter_easyrefresh,xuelongqy
graphql-flutter,zino-app
fun_android_flutter,phoenixsky
flutter_shuqi,huanxsd
flutter_ui_challenges,lohanidamodar
fluwx,OpenFlutter
flutterfire,FirebaseExtended
app,WorldHealthOrganization
flutter_screenutil,OpenFlutter
flutter_spinkit,jogboms
fl_chart,imaNNeoFighT
sqflite,tekartik
UIWidgets,UnityTech
GZXTaoBaoAppFlutter,GanZhiXiong
gsy_flutter_demo,CarGuo
coderiver,cachecats
getflutter,ionicfirebaseapp
flutter-rs,flutter-rs
flutter_staggered_grid_view,letsar
mobx.dart,mobxjs
flutter_app,shichunlei
NeteaseCloudMusic,fluttercandies
flutter_pulltorefresh,peng8350
flutter-webrtc,cloudwebrtc
timy-messenger,janoodleFTW
flutter_redux,brianegan
zefyr,memspace
morec,Mayandev
flutter_slidable,letsar
flutter-todos,asjqkkkk
flutter_blue,pauldemarco
flutter_cached_network_image,Baseflow
hive,hivedb
flutter_map,johnpryan
website,flutter
flutter-ui,YYFlutter
fluttergram,mdanics
FlutterUnit,toly1994328
TheGorgeousLogin,huextrat
udacity-course,flutter
flutter_webview_plugin,fluttercommunity
flutter_mall,youxinLu
ejdb,Softmotions
awesome-flutter-cn,crazycodeboy
gitme,flutterchina
flutter_study,luhenchang
flutter-samples,diegoveloper
flutter-intellij,flutter
flustars,Sky24n
MLN,momotech
flutter_ui_challenges,tomialagbe
flutter_catalog,X-Wei
flutter_hooks,rrousselGit
Flutter-Music-Player,iampawan
photo_view,renancaraujo
CS-Notes,CyC2018
javascript,airbnb
JavaGuide,Snailclimb
javascript-algorithms,trekhleb
java-design-patterns,iluwatar
elasticsearch,elastic
spring-boot,spring-projects
interviews,kdn251
advanced-java,doocs
RxJava,ReactiveX
guava,google
okhttp,square
retrofit,square
clean-code-javascript,ryanmcdermott
mall,macrozheng
dubbo,apache
jQuery-File-Upload,blueimp
leetcode,azl397985856
MPAndroidChart,PhilJay
spark,apache
zxing,zxing
leakcanary,square
JCSprout,crossoverJie
awesome-java,akullpp
Java,TheAlgorithms
EventBus,greenrobot
jadx,skylot
spring-boot-examples,ityouknow
ResumeSample,geekcompany
p3c,alibaba
fastjson,alibaba
arthas,alibaba
awesome-javascript,sorrycc
funNLP,fighting41love
xgboost,dmlc
javascript-questions,lydiahallie
gson,google
selenium,SeleniumHQ
libgdx,libgdx
CNTK,microsoft
generator-jhipster,jhipster
IntelliJ-IDEA-Tutorial,judasn
ExoPlayer,google
Android-CleanArchitecture,android10
flatbuffers,google
easyexcel,alibaba
toBeTopJavaer,hollischuang
xxl-job,xuxueli
You-Dont-Need-JavaScript,you-dont-need
mybatis-3,mybatis
cat,dianping
WebViewJavascriptBridge,marcuswestin
dbeaver,dbeaver
spring-cloud-alibaba,alibaba
awesome-java-cn,jobbole
redisson,redisson
HikariCP,brettwooldridge
JavaScript30,wesbos
spring-boot-demo,xkcoding
graal,oracle
LearningNotes,francistao
logger,orhanobut
Sentinel,alibaba
hutool,looly
deeplearning4j,eclipse
playframework,playframework
logstash,elastic
ray,ray-project
jeecg-boot,zhangdaiscott
JavaFamily,AobingJava
bytecode-viewer,Konloch
androidannotations,androidannotations
vert.x,eclipse-vertx
MaterialDrawer,mikepenz
realm-java,realm
infer,facebook
RxTool,Tamsiree
libphonenumber,google
mockito,mockito
presto,prestodb
technology-talk,aalansehaiyang
recyclerview-animators,wasabeef
PermissionsDispatcher,permissions-dispatcher
uCrop,Yalantis
Android,open-android
en.javascript.info,javascript-tutorial
tink,google
elasticsearch-analysis-ik,medcl
guice,google
lombok,rzwitserloot
jedis,xetorthio
webmagic,code4craft
javascript-patterns,shichuan
jib,GoogleContainerTools
labs,docker
spark,perwendel
glide-transformations,wasabeef
spring-boot-admin,codecentric
awesome-kotlin,KotlinBy
auto,google
awesome-self-supervised-learning,jason718
awesome-eslint,dustinspecker
awesome-json-datasets,jdorfman
awesome-copycats,lcpz
awesome-pentest-cheat-sheets,coreb1t
awesome-django,wsvincent
awesome-compose,docker
awesome-etl,pawl
awesome-online-ide,styfle
bug-bounty-reference,ngalongc
awesome-knowledge-distillation,dkozlov
Context-Menu.iOS,Yalantis
WhatsNewKit,SvenTiigi
awesome-kotlin,mcxiaoke
awesome-github,AntBranch
ios_top_1000,iamdaiyuan
material-design-data,Luosunce
awesome-python3-webapp,michaelliao
awesome-devblog,sarojaba
awesome-devenv,jondot
ruby-bookmarks,dreikanter
awesome-iot,HQarroum
awesome-powershell,janikvonrotz
awesome-mobx,mobxjs
awesome-computer-history,watson
Slides,nathansearles
Awesome-Unity-Shader,QianMo
awesome-godot,Calinou
AwesomePerfCpp,fenbf
awesome-yii2,forecho
awesome-point-cloud-analysis,Yochengliu
books,learn-anything
awesome-resty,bungle
awesome-reverse-engineering,alphaSeclab
guides,NARKOZ
awesome-mental-health,dreamingechoes
awesome-newsletters,zudochkin
naftis,XiaoMi
awesome-love2d,love2d-community
awesome-robotics,kiloreux
awesome-interactive-journalism,wbkd
awesome-animation,Animatious
awesome-php,JingwenTian
awesome-vulkan,vinjn
awesome-startup-credits,dakshshah96
awesome-machine-learning-interpretability,jphall663
vim-awesome,vim-awesome
awesome-awesome,emijrp
awesome-apache-airflow,jghoman
go_spider,hu17889
devmap,zualex
awesome-gis,sshuair
awesome-php-cn,jobbole
awesome-opensource-apps,unicodeveloper
vue-fontawesome,FortAwesome
awesome-java,Snailclimb
awesome-taro,NervJS
awesome-jupyter,markusschanta
Awesome-Android-Notebook,JsonChao
awesome-analytics,onurakpolat
vertx-awesome,vert-x3
alfred-workflows,learn-anything
awesome-alfred-workflows,derimagia
Awesome-Scene-Text-Recognition,chongyangtao
react-native-awesome,crazycodeboy
awesome-learning-resources,lauragift21
Awesome-Chatbot,fendouai
awesome-awesome-awesome,jonatasbaldin
awesome-weex,joggerplus
Tvlist-awesome-m3u-m3u8,billy21
awesome-opensource-documents,hubtee
awesome-deep-text-detection-recognition,hwalsuklee
awesome-typescript,semlinker
frontendDaily,kujian
awesome-PICO-8,pico-8
awesome-peer-to-peer,kgryte
zaobao,wubaiqing
awesome-sentence-embedding,Separius
Awesome-Interview,Awesome-Interview
awesome-console-services,chubin
go-advice,cristaloleg
awesome-sass,Famolus
awesome-service-workers,TalAter
awesome-cold-showers,hwayne
awesome-ios-chart,ameizi
AwesomeQRCode,SumiMakito
awesome-mongodb,ramnes
ViewPagerLayoutManager,leochuan
machine-learning-with-ruby,arbox
awesome-streaming,manuzhang
awesome-deepbio,gokceneraslan
awesome-human-pose-estimation,cbsudux
awesome-terraform,shuaibiyy
planetary.js,BinaryMuse
awesome-hand-pose-estimation,xinghaochen
awesome-ocr,kba
awesome-dot-net-performance,adamsitnik
awesome-vehicle-security,jaredthecoder
awesome-embedded-rust,rust-embedded
privilege-escalation-awesome-scripts-suite,carlospolop
freeCodeCamp,freeCodeCamp
vue,vuejs
react,facebook
bootstrap,twbs
You-Dont-Know-JS,getify
javascript,airbnb
electron,electron
axios,axios
node,nodejs
javascript-algorithms,trekhleb
free-programming-books-zh_CN,justjavac
angular,angular
three.js,mrdoob
TypeScript,microsoft
material-ui,mui-org
30-seconds-of-code,30-seconds
webpack,webpack
jquery,jquery
redux,reduxjs
atom,atom
Chart.js,chartjs
express,expressjs
deno,denoland
storybook,storybookjs
element,ElemeFE
html5-boilerplate,h5bp
lodash,lodash
moment,moment
nodebestpractices,goldbergyoni
meteor,meteor
ionic,ionic-team
Front-End-Checklist,thedaviddias
yarn,yarnpkg
materialize,Dogfalo
freecodecamp.cn,FreeCodeCampChina
nw.js,nwjs
babel,babel
prettier,prettier
serverless,serverless
parcel,parcel-bundler
awesome-nodejs,sindresorhus
clean-code-javascript,ryanmcdermott
anime,juliangarnier
awesome-interview-questions,MaximAbramchuck
Ghost,TryGhost
hyper,zeit
project-based-learning,tuvtran
33-js-concepts,leonardomso
brackets,adobe
jest,facebook
leetcode,azl397985856
pdf.js,mozilla
hexo,hexojs
fullPage.js,alvarotrigo
immutable-js,immutable-js
pixi.js,pixijs
clipboard.js,zenorocha
video.js,videojs
Leaflet,Leaflet
phaser,photonstorm
async,caolan
Rocket.Chat,RocketChat
nest,nestjs
gold-miner,xitu
underscore,jashkenas
taro,NervJS
vuetify,vuetifyjs
nylas-mail,nylas
select2,select2
Modernizr,Modernizr
front-end-interview-handbook,yangshun
strapi,strapi
standard,standard
carbon,carbon-app
vuex,vuejs
fetch,github
faker.js,Marak
iview,iview
uppy,transloadit
lerna,lerna
open-source-mac-os-apps,serhii-londar
date-fns,date-fns
webtorrent,webtorrent
mobx,mobxjs
rxjs,ReactiveX
sequelize,sequelize
particles.js,VincentGarreau
layui,sentsin
ember.js,emberjs
tesseract.js,naptha
hammer.js,hammerjs
project-guidelines,elsewhencode
sheetjs,SheetJS
sweetalert,t4t5
flow,facebook
uni-app,dcloudio
html2canvas,niklasvh
uBlock,gorhill
awesome-javascript,sorrycc
react-starter-kit,kriasoft
coding-interview-university,jwasham
CS-Notes,CyC2018
the-art-of-command-line,jlevy
animate.css,daneden
computer-science,ossu
30-seconds-of-code,30-seconds
LeetCodeAnimation,MisterBooo
Chart.js,chartjs
FiraCode,tonsky
freecodecamp.cn,FreeCodeCampChina
crayon,torrvision
AESCrypt-ObjC,Gurpartap
CA360,neror
grunt-contrib-connect,gruntjs
dawson-cli,dawson-org
select2-bootstrap-css,t0m
grunt-contrib-less,gruntjs
Chateau,badoo
cgrep,awgn
100-Days-Of-ML-Code,Avik-Jain
awesome-cpp,fffaraz
vue-cli,vuejs
swift-algorithm-club,raywenderlich
Charts,danielgindi
awesome-react-components,brillout
open-source-mac-os-apps,serhii-londar
cheerio,cheeriojs
ResumeSample,geekcompany
Rocket.Chat,RocketChat
grpc,grpc
vue-cli,vuejs
carbon,carbon-app
angular-cli,angular
CodeHub,CodeHubApp
composer,composer
swift-algorithm-club,raywenderlich
Charts,danielgindi
html2canvas,niklasvh
ItChat,littlecodersh
imgui,ocornut
CodeMirror,codemirror
the_silver_searcher,ggreer
vim,vim
ReactiveCocoa,ReactiveCocoa
calculator,microsoft
components,angular
cypress,cypress-io
interactive-coding-challenges,donnemartin
the-swift-programming-language-in-chinese,SwiftGGTeam
FFmpeg,FFmpeg
consul,hashicorp
xgboost,dmlc
awesome-python-cn,jobbole
obs-studio,obsproject
cheat.sh,chubin
json,nlohmann
docker-cheat-sheet,wsargent
cockroach,cockroachdb
CodeIgniter,bcit-ci
corefx,dotnet
commander.js,tj
homebrew-cask,Homebrew
the-super-tiny-compiler,jamiebuilds
architecture-components-samples,android
CNTK,microsoft
Real-Time-Voice-Cloning,CorentinJ
caniusepython3,brettcannon
CreditsRoll,frakbot
capistrano-unicorn,sosedoff
couchrest,jchris
fishbone.js,aemkei
gulp-docs-zh-cn,lisposter
papa-carlo,Eliah-Lakhin
Curassow,kylef-archive
gank.io-unofficial-android-client,HotBitmapGG
ObjQREncoder,jverkoey
WaveFunctionCollapse,mxgmn
realm-cocoa,realm
eShopOnContainers,dotnet-architecture
Carthage,Carthage
blessed-contrib,yaronn
css-modules,css-modules
WeChatPlugin-MacOS,TKkk-iOSer
core,dotnet
fmdb,ccgus
chromeless,prisma-archive
core-js,zloirock
Screenshot-to-code,emilwallner
python-cheatsheet,gto76
CheatSheetSeries,OWASP
cool-retro-term,Swordfish90
radare2,radareorg
graal,oracle
awesome-computer-vision,jbhuang0604
Front-End-Performance-Checklist,thedaviddias
linux-command,jaywcjlove
react-canvas,Flipboard
graal,oracle
awesome-cheatsheets,LeCoupa
linux-command,jaywcjlove
RetroPie-Setup,RetroPie
raspberry-pi-os,s-matyukevich
qt,therecipe
awesome-raspberry-pi,thibmaek
linux,raspberrypi
poisontap,samyk
firmware,raspberrypi
home-automation,deepsyx
documentation,raspberrypi
pivpn,pivpn
P4wnP1,RoganDawes
blynk-library,blynkkk
coder,googlecreativelab
raspotify,dtcooper
raspberrypi,dwelch67
tensorflow-on-raspberry-pi,samjabrahams
rpi-update,Hexxeh
blynk-server,blynkkk
rpi-rgb-led-matrix,hzeller
noobs,raspberrypi
PiCAST,lanceseidman
userland,raspberrypi
gokrazy,gokrazy
audio-reactive-led-strip,scottlawsonbc
RF24,nRF24
node-sonos-http-api,jishi
BerryNet,DT42
heimcontrol.js,ni-c
awesome-raspberry-pi-zh,wwj718
Adafruit-Raspberry-Pi-Python-Code,adafruit
BerryNet,DT42
heimcontrol.js,ni-c
awesome-raspberry-pi-zh,wwj718
Adafruit-Raspberry-Pi-Python-Code,adafruit
crankshaft,opencardev
go-rpio,stianeikeland
pibakery,davidferguson
OctoPi,guysoft
WiringPi,WiringPi
rpi_ws281x,jgarff
picamera,waveform80
mraa,eclipse
pi4j,Pi4J
LCD-show,goodtft
Debian-Pi-Aarch64,openfans-community-offical
nextcloudpi,nextcloud
gpiozero,gpiozero
PiFmRds,ChristopheJacquet
rpi-open-firmware,christinaa
Adafruit_Python_DHT,adafruit
raspberry-pi-dramble,geerlingguy
raspberry_pwn,pwnieexpress
goSecure,nsacyber
docker-homebridge,oznu
Raspberry-Pi,wtsxDev
IOTstack,gcgarner
image-builder-rpi,hypriot
docker-arm,alexellis
dockerpi,lukechilds
TensorFlow-Object-Detection-on-the-Raspberry-Pi,EdjeElectronics
codebuilds,headmelted
raspi3-tutorial,bztsrc
Adafruit-Pi-Finder,adafruit
groundcontrol,jondot
Raspberry-Pi-Looper-synth-drum-thing,otem
RaspiBolt,Stadicus
RaspberryPiPkg,andreiw
PiR.tv,d0nd3r3k
chilipie-kiosk,futurice
pigpio,joan2937
self_driving_pi_car,felipessalvatore
pi-gpio,rakeshpai
farmbot_os,FarmBot
k8s-on-raspbian,teamserverless
pi64,bamarni
pi_piper,jwhitehorn
WOA-Deployer-Rpi,WOA-Project
OpenVPN-Setup,StarshipEngineer
PiAUISuite,StevenHickson
fbcp-ili9341,juj
SweetSecurity,TravisFSmith
node-rpio,jperkin
py-videocore,nineties
self_drive,Timthony
sitewhere,sitewhere
rpi-firmware,Hexxeh
raspberry-pi-turnkey,schollz
chromium_os-raspberry_pi,FydeOS
pigpio,fivdi
RaspberryCast,vincelwt
raspberrypiwireguard,adrianmihalko
RasPlex,RasPlex
freeswitch,signalwire
AlexaPiDEPRECATED,alexa-pi
RaspberryWechatPi,mcdona1d
gmrender-resurrect,hzeller
enclosure-picroft,MycroftAI
pimatic,pimatic
balena-sound,balenalabs
diy-ipmi,Fmstrat
johnny-five,rwaldron
Arduino,esp8266
Tasmota,arendst
Arduino,arduino
Marlin,MarlinFirmware
esp8266_deauther,spacehuhn
gobot,hybridgroup
lowlevelprogramming-university,gurugio
tinygo,tinygo-org
arduino-esp32,espressif
ArduinoJson,bblanchon
platformio-core,platformio
WiFiManager,tzapu
FastLED,FastLED
cylon,hybridgroup
grbl,grbl
Arduino-IRremote,z3t0
i2cdevlib,jrowberg
blynk-library,blynkkk
pubsubclient,knolleary
usb-serial-for-android,mik3y
arduino-cli,arduino
grbl,gnea
wasm3,wasm3
PJON,gioblu
Adafruit_NeoPixel,adafruit
esp-link,jeelabs
rfid,miguelbalboa
blynk-server,blynkkk
Arduino_STM32,rogerclarkmelbourne
Arduino-Makefile,sudar
OpenMQTTGateway,1technophile
Stino,Robot-Will
audio-reactive-led-strip,scottlawsonbc
RF24,nRF24
nectarjs,NectarJS
DHT-sensor-library,adafruit
IRremoteESP8266,crankyoldgit
rc-switch,sui77
WiringPi,WiringPi
noduino,sbstjn
HID,NicoHood
esp8266-oled-ssd1306,ThingPulse
Sming,SmingHub
Arduino-PID-Library,br3ttb
homie-esp8266,homieiot
arduino,firmata
ino,amperka
MySensors,mysensors
USB_Host_Shield_2.0,felis
arduinoWebSockets,Links2004
aREST,marcoschwartz
Arduino,RobTillaart
Adafruit_SSD1306,adafruit
Low-Power,rocketscream
duino,ecto
device-os,particle-iot
keysweeper,samyk
TinyGSM,vshymanskyy
u8glib,olikraus
WS2812FX,kitesurfer1404
wifi_ducky,spacehuhn
Arduino_Core_STM32,stm32duino
EtherCard,njh
RF24,maniacbug
aaduino,kanflo
ferret,nakkaya
Time,PaulStoffregen
arduino_midi_library,FortySevenEffects
TFT_eSPI,Bodmer
Open-Home-Automation,mertenats
ATTinyCore,SpenceKonde
ArduinoJoystickLibrary,MHeironimus
firebase-arduino,FirebaseExtended
Webduino,sirleech
LED_CUBE,VectStudio
ESP3D,luc-github
433Utils,ninjablocks
NeoPixelBus,Makuna
Wi-PWN,samdenty
arduino-LoRa,sandeepmistry
esp8266-weather-station,ThingPulse
paper-signals,googlecreativelab
vscode-arduino,microsoft
MPU9250,kriswiner
ArduinoThread,ivanseidel
Repetier-Firmware,repetier
ESP8266Audio,earlephilhower
Arduino-Temperature-Control-Library,milesburton
optiboot,Optiboot
Adafruit_Sensor,adafruit
ArduinoOBD,stanleyhuangyc
sitewhere,sitewhere
Sonoff-MQTT-OTA-Arduino,arendst
arduino-lmic,matthijskooijman
ESP32-Paxcounter,cyberman54
attiny,damellis
arduino-mqtt,256dpi
Brutal,Screetsec
wrmhl,relativty
howmanypeoplearearound,schollz
BossSensor,Hironsan
haven,guardianproject
cartographer,cartographer-project
maltrail,stamparm
LSTM-Human-Activity-Recognition,guillaume-chevalier
sensey,nisrulz
react-visibility-sensor,joshwnj
easydeviceinfo,nisrulz
DHT-sensor-library,adafruit
Pedometer,j4velin
VINS-Fusion,HKUST-Aerial-Robotics
MySensors,mysensors
Adafruit_Python_DHT,adafruit
thingspeak,iobridge
mini-graph-card,kalkih
swatd,defuse
EdgeML,microsoft
DIY-Thermocam,maxritter
python-broadlink,mjg59
user.activity,KrauseFx
DumpsterFire,TryCatchHCF
MPU9250,kriswiner
LittleD,graemedouglas
vive-diy-position-sensor,ashtuchkin
Adafruit_Sensor,adafruit
HWSensors,kzlekk
upm,eclipse
Azure-Kinect-Sensor-SDK,microsoft
GSLAM,zdzhaoyong
DoorSignView,renaudcerrato
react-native-sensors,react-native-sensors
RPi-KittyCam,girliemac
ethzasl_msf,ethz-asl
science-journal-ios,google
gast-lib,gast-lib
MPU6050,kriswiner
depth_clustering,PRBonn
science-journal,google
w1thermsensor,timofurrer
macchina.io,macchina-io
GrovePi,DexterInd
sensors-software,opendata-stuttgart
LiveScan3D,MarekKowalski
librekinect,xxorde
Sensor,PrimeSense
walt,google
razor-9dof-ahrs,Razor-AHRS
react-native-incall-manager,react-native-webrtc
parallaxify,hwthorn
lm-sensors,lm-sensors
Hue-sensors-HASS,robmarkcole
rpi-appliance-monitor,Shmoopty
pi-sensor-free-presence-detector,initialstate
miflora-mqtt-daemon,ThomDietrich
tracking-with-Extended-Kalman-Filter,JunshengFu
mastering_ros,qboticslabs
ESP-MQTT-JSON-Multisensor,bruhautomation
OSCeleton,Sensebloom
iot-433mhz,roccomuso
konnected-security,konnected-io
Arduino,iot-playground
ironbee,ironbee
simplebeerservice,awslabs
alfred,jinfagang
xamarin-fingerprint,smstuebe
gnss-ins-sim,Aceinna
node-dht-sensor,momenso
HandTracker,FORTH-ModelBasedTracker
SIM7000-LTE-Shield,botletics
ethzasl_sensor_fusion,ethz-asl
miflora,open-homeautomation
CapacitiveSensor,PaulStoffregen
BME280_driver,BoschSensortec
sensor-visualizer-kit,joeblau
Adafruit-Fingerprint-Sensor-Library,adafruit
PlantWateringAlarm,Miceuz
Fingerprint2Sleep,ztc1997
Clight,FedeDP
sense-js,ehzhang
STMems_Standard_C_drivers,STMicroelectronics
VeloView,Kitware
soletta,solettaproject
ha-wyzesense,kevinvincent
lidar_align,ethz-asl
node-sensortag,sandeepmistry
SmartIMU,KitSprout
Validity91,hmaarrfk
Adafruit_BME280_Library,adafruit
PulseSensor_Amped_Arduino,WorldFamousElectronics
FileSensor,Xyntax
NaveGo,rodralez
home-assistant-config,renemarc
vl53l0x-arduino,pololu
ros-sensor-fusion-tutorial,methylDragon
react-native-sensor-manager,kprimice
weatherstation,androidthings
OctoPrint-Enclosure,vitormhenrique
SensorDashboard,pocmo
BME680_driver,BoschSensortec
